Model,Train_AUC,Val_AUC,AUC_Gap,Train_RMSE,Val_RMSE,RMSE_Gap
Random Forest,0.856029,0.693914,0.162116,0.351933,0.37929,0.027356
Gradient Boosting,0.786562,0.693174,0.093389,0.357419,0.38068,0.02326
Logistic Regression,0.712319,0.690397,0.021921,0.374962,0.379806,0.004845
Decision Tree,0.689931,0.667967,0.021965,0.379684,0.383817,0.004133
